Dimension;Dim.value;fishing.guild;Modality
EXPOSURE;0.00;A Coruna_mix;Boat
SENSITIVITY;1.00;A Coruna_mix;Boat
ADAPTIVE.CAPACITY;0.96;A Coruna_mix;Boat
EXPOSURE;0.49;A Guarda;Boat
SENSITIVITY;0.00;A Guarda;Boat
ADAPTIVE.CAPACITY;0.08;A Guarda;Boat
EXPOSURE;0.20;Aguino;Boat
SENSITIVITY;0.81;Aguino;Boat
ADAPTIVE.CAPACITY;0.51;Aguino;Boat
EXPOSURE;0.82;Baiona;Boat
SENSITIVITY;0.17;Baiona;Boat
ADAPTIVE.CAPACITY;0.87;Baiona;Boat
EXPOSURE;0.22;Blueu;Boat
SENSITIVITY;0.10;Blueu;Boat
ADAPTIVE.CAPACITY;0.80;Blueu;Boat
EXPOSURE;0.14;Burela;Boat
SENSITIVITY;0.43;Burela;Boat
ADAPTIVE.CAPACITY;0.05;Burela;Boat
EXPOSURE;0.88;Camarina;Boat
SENSITIVITY;0.18;Camarina;Boat
ADAPTIVE.CAPACITY;0.00;Camarina;Boat
EXPOSURE;0.95;Camelle;Boat
SENSITIVITY;0.25;Camelle;Boat
ADAPTIVE.CAPACITY;0.66;Camelle;Boat
EXPOSURE;0.99;Cangas;Boat
SENSITIVITY;0.18;Cangas;Boat
ADAPTIVE.CAPACITY;0.79;Cangas;Boat
EXPOSURE;1.00;Carino;Boat
SENSITIVITY;0.30;Carino;Boat
ADAPTIVE.CAPACITY;0.35;Carino;Boat
EXPOSURE;0.83;Cedeira;Boat
SENSITIVITY;0.55;Cedeira;Boat
ADAPTIVE.CAPACITY;0.08;Cedeira;Boat
EXPOSURE;0.01;Celeiro;Boat
SENSITIVITY;0.35;Celeiro;Boat
ADAPTIVE.CAPACITY;0.34;Celeiro;Boat
EXPOSURE;0.79;Corme;Boat
SENSITIVITY;0.13;Corme;Boat
ADAPTIVE.CAPACITY;0.35;Corme;Boat
EXPOSURE;0.94;Espasante;Boat
SENSITIVITY;0.23;Espasante;Boat
ADAPTIVE.CAPACITY;0.70;Espasante;Boat
EXPOSURE;0.81;Ferrol;Boat
SENSITIVITY;0.32;Ferrol;Boat
ADAPTIVE.CAPACITY;0.90;Ferrol;Boat
EXPOSURE;0.72;Fisterra;Boat
SENSITIVITY;0.61;Fisterra;Boat
ADAPTIVE.CAPACITY;0.68;Fisterra;Boat
EXPOSURE;0.95;Laxe;Boat
SENSITIVITY;0.08;Laxe;Boat
ADAPTIVE.CAPACITY;0.64;Laxe;Boat
EXPOSURE;0.17;Malpica;Boat
SENSITIVITY;0.34;Malpica;Boat
ADAPTIVE.CAPACITY;1.00;Malpica;Boat
EXPOSURE;0.70;Muxia;Boat
SENSITIVITY;0.23;Muxia;Boat
ADAPTIVE.CAPACITY;0.63;Muxia;Boat
EXPOSURE;0.12;O Barqueiro;Boat
SENSITIVITY;0.25;O Barqueiro;Boat
ADAPTIVE.CAPACITY;0.66;O Barqueiro;Boat
EXPOSURE;0.41;O Grove;Boat
SENSITIVITY;0.04;O Grove;Boat
ADAPTIVE.CAPACITY;0.35;O Grove;Boat
EXPOSURE;0.10;O Vicedo;Boat
SENSITIVITY;0.36;O Vicedo;Boat
ADAPTIVE.CAPACITY;0.54;O Vicedo;Boat
EXPOSURE;1.00;Porto do Son;Boat
SENSITIVITY;0.36;Porto do Son;Boat
ADAPTIVE.CAPACITY;0.71;Porto do Son;Boat
EXPOSURE;0.54;Vigo;Boat
SENSITIVITY;0.28;Vigo;Boat
ADAPTIVE.CAPACITY;0.60;Vigo;Boat