fishing.guild;ECONOMIC_STRENGTH;DEPENDENCY;MANAGEMENT_STRATEGIES;LIVELIHOOD_DIV;DIMENSION
A Guarda;0.393534728;1;0;0.976968664;ADAPTIVE_CAP
Baiona;0.79464213;1;0.5;0.976968664;ADAPTIVE_CAP
O Grove;0.206416416;1;0.5;0.976968664;ADAPTIVE_CAP
Vigo;0.952772576;1;0;0.976968664;ADAPTIVE_CAP
A Coruna_mix;1;0.5;0.5;1;ADAPTIVE_CAP
Aguino;0.632603208;0.5;0.5;1;ADAPTIVE_CAP
Camarinas;0.090302093;0.5;0;1;ADAPTIVE_CAP
Corme;0.15275629;0.5;0.5;1;ADAPTIVE_CAP
Ferrol;0.824037131;0;0.5;1;ADAPTIVE_CAP
Finisterra;0.16041039;0.5;0.5;1;ADAPTIVE_CAP
Laxe;0.034443449;0.5;1;1;ADAPTIVE_CAP
Malpica;0.135493852;0.5;1;1;ADAPTIVE_CAP
Muxia;0;0.5;0.5;1;ADAPTIVE_CAP
Porto do Son;0.260972234;0;0.5;1;ADAPTIVE_CAP
Burela;0.676980702;1;0.5;0;ADAPTIVE_CAP
Celeiro;0.564367722;0.5;0.5;0;ADAPTIVE_CAP
Ribadeo;0.485139647;0.7;1;0;ADAPTIVE_CAP