province;fishing.guild;turfID;CPI;GROSS.SALARY;POB.RISK;TOURIST;MARKET;ROTATION;CLOUSURE
Pontevedra;A Guarda;1;1.34;19842;1;4266744;1;0;0
Pontevedra;Baiona;3;1.34;24768;0;4266744;1;1;0
Pontevedra;Bueu;4;1.34;21944;0;4266744;1;1;0
Pontevedra;Cangas;5;1.34;21722;0;4266744;1;1;0
Pontevedra;O Grove;6;1.34;17544;1;4266744;1;0;1
Pontevedra;Vigo;7;1.34;26710;0;4266744;1;0;0
A Coruna;A Coruna_mix;8;1.43;27290;0;4335772;0;1;0
A Coruna;Aguino;9;1.43;22778;0;4335772;1;1;0
A Coruna;Camarinas;11;1.43;16118;1;4335772;0;0;0
A Coruna;Camelle;12;1.43;16118;0;4335772;0;1;0
A Coruna;Carino;13;1.43;17021;0;4335772;1;1;0
A Coruna;Cedeira;14;1.43;19079;0;4335772;1;0;0
A Coruna;Corme;15;1.43;16885;1;4335772;0;1;0
A Coruna;Espasante;16;1.43;17586;0;4335772;0;0;1
A Coruna;Ferrol;17;1.43;25129;0;4335772;0;1;0
A Coruna;Finisterra;18;1.43;16979;0;4335772;0;1;0
A Coruna;Laxe;19;1.43;15432;1;4335772;0;1;1
A Coruna;Malpica;21;1.43;16673;0;4335772;0;1;1
A Coruna;Muxia;23;1.43;15009;0;4335772;0;1;0
A Coruna;O Barqueiro;24;1.43;16317;0;4335772;0;0;1
A Coruna;Porto do Son;26;1.43;18214;0;4335772;0;1;0
Lugo;Burela;29;1.38;23323;0;1338638;1;0;1
Lugo;Celeiro;30;1.38;21940;0;1338638;0;1;0
Lugo;O Vicedo;31;1.38;17189;0;1338638;0;1;1