province;fishing.guild;turfID;NFISHERS;FDAYS;CATCH.V;KG.SOLD;DAYS.SOLD;POUCH;ISO;UNEMP
Pontevedra;A Guarda;1;44.4;140;18.17;16383.14;120.7;0.01;49.2;0.09
Pontevedra;Baiona;3;47.6;150;29.96;29819.83;109.5;0.16;21.4;0.09
Pontevedra;O Grove;6;9;0;35.7;5317.82;81.7;0.24;32.2;0.09
Pontevedra;Vigo;7;4.67;35;17.02;2329.22;135.67;1;0;0.09
A Coruna;A Coruna_mix;8;17.8;144;27.5;94651.87;234.6;1;0;0.48
A Coruna;Aguino;9;1.11;202.56;40.77;39681.72;98.2;0.38;65.1;0.48
A Coruna;Camarinas;11;3.75;106;14.92;648.33;59.1;0.03;74.5;0.48
A Coruna;Corme;15;24.8;136.2;16.19;592.31;77.22;0.03;54.5;0.48
A Coruna;Ferrol;17;15.8;158.2;16.52;7556.55;162.7;0.12;44.3;0.48
A Coruna;Finisterra;18;12.6;160;11.99;250.9;35.9;0.8;77.9;0.48
A Coruna;Laxe;19;3.1;90.4;16.65;2192.35;73.7;0.03;59.6;0.48
A Coruna;Malpica;21;24.2;165.5;18.23;20058.08;177.56;0.16;43.1;0.48
A Coruna;Muxia;23;50.4;153;15.29;2445.55;145.6;0.03;70.1;0.48
A Coruna;Porto do Son;26;6.6;149.5;24.67;11.8;2.2;0.52;51.3;0.48
Lugo;Burela;29;1.71;18;26.74;4027.77;95.1;0.18;89.1;0.81
Lugo;Celeiro;30;1.25;97;26.49;24.72;3;0.24;88.5;0.81
Lugo;Ribadeo;32;15.7;63.4;29.11;2865.99;60.7;0.06;85.2;0.81