province;fishing.guild;turfID;ABUND;HARV;EXPLOT
Pontevedra;A Guarda;1;0;13019.1;1.2
Pontevedra;Baiona;3;-0.4;13425.5;1.2
Pontevedra;O Grove;6;-0.8;1818.6;0.6
Pontevedra;Vigo;7;-2;77.33;0.6
A Coruna;A Coruna_mix;8;0.8;4523.6;1.2
A Coruna;Aguino;9;0.6;359.67;1.2
A Coruna;Camarinas;11;-0.4;203.75;1.4
A Coruna;Corme;15;-0.4;6569.2;1.4
A Coruna;Ferrol;17;-1.2;8278;1.2
A Coruna;Finisterra;18;-0.4;4813.6;1.2
A Coruna;Laxe;19;-0.4;795.1;1.4
A Coruna;Malpica;21;-1.6;7306.9;1.2
A Coruna;Muxia;23;-0.4;13385.4;1.4
A Coruna;Porto do Son;26;0.6;3279;1.2
Lugo;Burela;29;0;57.14;0.7
Lugo;Celeiro;30;-1.6;195.9;1.2
Lugo;Ribadeo;32;-1.6;3110.8;1.8