province;fishing.guild;turfID;bank.length;bank.area
Pontevedra;A Guarda;1;67580.06;0
Pontevedra;Baiona;3;40645.01;0
Pontevedra;O Grove;6;12774.85;0
Pontevedra;Vigo;7;8423.78;0
A Coruna;A Coruna_mix;8;121874.83;0
A Coruna;Aguino;9;255556.4131;4709084.605
A Coruna;Camarinas;11;19876.63859;0
A Coruna;Corme;15;39099.48;0
A Coruna;Ferrol;17;53346.14;0
A Coruna;Finisterra;18;11359.06329;0
A Coruna;Laxe;19;16164.42;0
A Coruna;Malpica;21;54627.68;0
A Coruna;Muxia;23;52881.89;0
A Coruna;Porto do Son;26;12251.78;0
Lugo;Burela;29;23206.17062;0
Lugo;Celeiro;30;28132.40563;0
Lugo;Ribadeo;32;27519.02;0